<meta name="twitter:card" content="summary_large_image">
@media (min-width: 43.75rem){.shield-company .article-area__article{margin-left:auto}}.shield-company .btn-distance{margin-bottom:2rem}p.shield-company__description{margin-bottom:2rem}
<details><summary>11 bit studios S.A.</summary>
<p><span style="font-size:12pt"><strong>e-mail:</strong>&nbsp;<a href="mailto:jobs@11bitstudios.com" style="color:blue; text-decoration:underline">jobs@11bitstudios.com</a></span></p>
<details><summary>123Soft sp. z o.o.</summary>
<p>e-mail: <a href="mailto:biuro.123soft@gmail.com">biuro.123soft@gmail.com</a></p>
<details><summary>28software SP. z O.O.</summary>
<p>Contact:&nbsp;michael@28software.com</p>
<details><summary>4Gate&nbsp;Studio&nbsp;sp.&nbsp;z&nbsp;o.&nbsp;o.</summary>
<p>e-mail: <a href="mailto:maciej.zawitaj@4gatestudio.com">maciej.zawitaj@4gatestudio.com</a></p>
<details><summary>4IRE&nbsp;POLSKA&nbsp;Sp.&nbsp;z&nbsp;o.o.</summary>
<p>Contact:&nbsp;<a href="mailto:s.pleskach@4irelabs.com">s.pleskach@4irelabs.com</a></p>
<details><summary>7N sp. z o.o</summary>
<p>e-mail: <a href="mailto:jobs.pl@7n.com">jobs.pl@7n.com</a></p>
<details><summary>ABB Business &nbsp;Services &nbsp;Sp. &nbsp;z o.o.</summary>
<p>Mail: <span style="font-size:11.0pt"><a href="mailto:pl-pbh@abb.com" style="color:#0563c1; text-decoration:underline">pl-pbh@abb.com</a></span></p>
<details><summary>Acaisoft</summary>
e-mail: <a href="mailto:recruitment@acaisoft.com">recruitment@acaisoft.com</a></p>
<details><summary>Acvian sp. z o.o.</summary>
<p>Contact:&nbsp;cyril.k@acvian.com</p>
<details><summary>Adchitects&nbsp;Sp.&nbsp;z&nbsp;o.&nbsp;o.</summary>
<p>Contact:&nbsp;<a href="mailto:hello@adchitects.co">hello@adchitects.co</a></p>
<details><summary>Addepto</summary>
e-mail: <a href="mailto:hr@addepto.com">hr@addepto.com</a></p>
<details><summary>Admiral Markets Cyprus Sp. z o.o. oddział w Polsce</summary>
<p>Contact:&nbsp;mateusz.zienkiewicz@admiralmarkets.com</p>
<details><summary>Admitad Polska Sp. z o.o.</summary>
<p>Contact:&nbsp;a.brzywczy@admitad.com</p>
<details><summary>AFFIRM POLAND SPÓŁKA Z OGRANICZONĄ ODPOWIEDZIALNOŚCIĄ</summary>
<p>Contact:&nbsp;klaudyna.bajkowska@affirm.com</p>
<details><summary>Aiby&nbsp;LLC&nbsp;Sp. z&nbsp;o.o.</summary>
<p>Contact:&nbsp;<a href="mailto:ob@aiby.com">ob@aiby.com</a></p>
<details><summary>airSlate&nbsp;Poland&nbsp;Sp.&nbsp;z&nbsp;o.o.</summary>
<p>Contact:&nbsp;<a href="mailto:staszak.justyna@airslate.com">staszak.justyna@airslate.com</a></p>
<details><summary>AIVA</summary>
<p>Contact:&nbsp;kyrchevskiy@aiva.com.pl</p>
<details><summary>Akvelon&nbsp;Poland&nbsp;Sp.&nbsp;z&nbsp;o.o.</summary>
<p>Contact:&nbsp;<a href="mailto:vladimir.proskurin@akvelon.com">vladimir.proskurin@akvelon.com</a></p>
<details><summary>Akveo Poland</summary>
<p>Contact:&nbsp;n.mihailova@akveo.com</p>
<details><summary>Alina Tyro-Niezgoda ANTIDOTUM</summary>
<p>Contact:&nbsp;antidotum@antidotum.pl</p>
<details><summary>Altoros&nbsp;Poland</summary>
<p>e-mail: <a href="mailto:a.vinahradava@altoros.com">a.vinahradava@altoros.com</a></p>
<details><summary>ALTSOFTSTUDIO SPÓŁKA Z OGRANICZONĄ ODPOWIEDZIALNOŚCIĄ</summary>
<p>Contact:&nbsp;k_suchocki@altsoftstudio.com</p>
<details><summary>Anegis Sp. z o.o.</summary>
e-mail: <a href="mailto:adlugosz@anegis.com">adlugosz@anegis.com</a></p>
<details><summary>Andersen&nbsp;sp.&nbsp;z&nbsp;o.o.</summary>
e-mail: <a href="mailto:g.kostkowska@andersenlab.com">g.kostkowska@andersenlab.com</a></p>
<details><summary>APEL Sp. z o.o.</summary>
e-mail: <a href="mailto:kseniya.pihlblad@apelsoft.eu">kseniya.pihlblad@apelsoft.eu</a></p>
<details><summary>Apollogic Sp. z o.o.</summary>
<p>Contact:&nbsp;katarzyna.jesionek@apollogic.com</p>
<details><summary>Appotype</summary>
<p>Contact:&nbsp;<a href="mailto:careers@appotype.eu">careers@appotype.eu</a></p>
<details><summary>APPRAISE&nbsp;LAB</summary>
<p>Kontakt:&nbsp;<a href="mailto:contact@getappraise.com">contact@getappraise.com</a></p>
<details><summary>Apptimia Sp. z o.o.</summary>
<details><summary>Apptio Poland Sp. z o.o.</summary>
<p>e-mail: <a href="mailto:mmarasek@apptio.com">mmarasek@apptio.com</a></p>
<details><summary>ArcadiaGroup sp. z o. o.</summary>
<p>e-mail: <a href="mailto:hello@arcadiagroup.pl">hello@arcadiagroup.pl</a></p>
<details><summary>Arla Global Shared Services</summary>
<p>e-mail: <a href="mailto:magda.merecka@arlafoods.com">magda.merecka@arlafoods.com</a></p>
<details><summary>Artpoldev&nbsp;Sp. z&nbsp;o.o.</summary>
<p>Contact:&nbsp;<a href="mailto:arkvit@gmail.com">arkvit@gmail.com</a></p>
<details><summary>Association&nbsp;of&nbsp;Belarusian&nbsp;Business&nbsp;Abroad</summary>
<p>Contact:&nbsp;<a href="mailto:abba@abbabusiness.org">abba@abbabusiness.org</a></p>
<details><summary>Atomichromica Lumira sp.&nbsp;z&nbsp;o.&nbsp;o.</summary>
<p>e-mail: <a href="mailto:dmalyshko@atomichronica.com">dmalyshko@atomichronica.com</a></p>
<details><summary>ATOMICON SP Z O O</summary>
<p>Contact:&nbsp;info@atomicon.pro</p>
<details><summary>Aurora Creation</summary>
e-mail: <a href="mailto:job@auroracreation.com">job@auroracreation.com</a></p>
<details><summary>Axiom Connected</summary>
<p>e-mail: <a href="mailto:yuliya.uharenka@axiomconnected.com">yuliya.uharenka@axiomconnected.com</a></p>
<details><summary>Axiopea</summary>
<p>Contact:&nbsp;dmitry.ryzhevich@axiopea-consulting.com</p>
<details><summary>AZATI&nbsp;SOFTWARE&nbsp;sp.&nbsp;z&nbsp;o.o</summary>
<p>Contact:<a href="mailto:praca@azati.com">&nbsp;praca@azati.com&nbsp;</a></p>
<details><summary>B2BNetwork</summary>
e-mail: <a href="mailto:monika.sek@b2bnetwork.pl">monika.sek@b2bnetwork.pl</a></p>
<details><summary>Bayer</summary>
e-mail: <a href="mailto:lukasz.olejniczak@bayer.com">lukasz.olejniczak@bayer.com</a></p>
<details><summary>Bądźtu P.S.A.</summary>
<p>Contact:&nbsp;<a href="mailto:kontakt@b%C4%85d%C5%BAtu.pl">kontakt@bądźtu.pl</a></p>
<details><summary>beHighload&nbsp;SPÓŁKA&nbsp;Z&nbsp;OGRANICZONĄ&nbsp;ODPOWIEDZIALNOŚCIĄ</summary>
<p>Contact:&nbsp;<a href="mailto:hello@behighload.com">hello@behighload.com</a></p>
<details><summary>BELVG SP. Z O.O.</summary>
<p>Contact:&nbsp;a.simonchik@belvg.com</p>
<details><summary>Bertek Polska Sp. z o.o.</summary>
<p>e-mail:&nbsp;<a href="mailto:adolka@bertek.pl">adolka@bertek.pl</a></p>
<details><summary>BG&nbsp;SOFT&nbsp;LLC&nbsp;SPÓŁKA&nbsp;Z&nbsp;OGRANICZONĄ&nbsp;ODPOWIEDZIALNOŚCIĄ</summary>
<p>Contact:&nbsp;<a href="mailto:dmitri.popruga@bgsoft.biz">dmitri.popruga@bgsoft.biz</a></p>
<details><summary>BILLWERK+ Poland Sp. z o.o.</summary>
<p>e-mail: <a href="mailto:ivan@billwerk.com">ivan@billwerk.com</a></p>
<details><summary>Billennium S.A.</summary>
<p>e-mail: <a href="mailto:kamil.mikolajczyk@billennium.com">kamil.mikolajczyk@billennium.com</a></p>
<details><summary>BIVIAR&nbsp;Partners&nbsp;Sp.&nbsp;z&nbsp;o.o.</summary>
<p>Contact:&nbsp;<a href="mailto:artyom.vaskanian@biviar.com">artyom.vaskanian@biviar.com</a></p>
<details><summary>Bolt Services PL Sp. z o.o.</summary>
<p>e-mail: <a href="mailto:michal.telejko@bolt.eu">michal.telejko@bolt.eu</a></p>
<details><summary>BoomBit SA</summary>
<p>e-mail: <a href="mailto:iryna.kasianova@boombit.com">iryna.kasianova@boombit.com</a></p>
<details><summary>Box Poland Sp. z o.o.</summary>
<p>e-mail: <a href="mailto:poland-careers@box.com">poland-careers@box.com</a></p>
<details><summary>BPM&nbsp;Consulting</summary>
e-mail: <a href="mailto:oleg@bpmc.pl">oleg@bpmc.pl</a></p>
<details><summary>BRAD Consulting Sp. z o.o.</summary>
<p>Contact:&nbsp;biuro@bradconsulting.pl</p>
<details><summary>Brains&nbsp;&amp;&nbsp;Beards</summary>
<p>Contact:&nbsp;<a href="mailto:harbour@brainsandbeards.com">harbour@brainsandbeards.com</a></p>
<details><summary>BRATTEPL&nbsp;SP.&nbsp;Z&nbsp;O.O.</summary>
<p>Contact:&nbsp;hr@bratte.com</p>
<details><summary>Brimit Poland Sp. Z o.o.</summary>
<p>e-mail: <a href="mailto:r.sheima@brimit.com">r.sheima@brimit.com</a></p>
<details><summary>Business Consulting Central Europe Sp. z o.o.</summary>
<p>e-mail: <a href="mailto:serhii.vykhvatenko@bcceurope.com">d</a><a href="mailto:dariusz.madej@bcceurope.com">ariusz.madej@bcceurope.com</a></p>
<details><summary>Business Start Sp z o.o.</summary>
<p>Contact:&nbsp;biuro@bstgroup.pl</p>
<details><summary>BYVOICE Sp. z o.o.</summary>
<p>e-mail: <a href="mailto:info@byvoice.pl">info@byvoice.pl</a></p>
<details><summary>Carl&nbsp;Zeiss&nbsp;IQS&nbsp;Software&nbsp;R&amp;D&nbsp;Center&nbsp;Sp.&nbsp;z&nbsp;o.o</summary>
<p>Contact:&nbsp;<a href="mailto:pawel.skwarek@zeiss.com">pawel.skwarek@zeiss.com</a></p>
<details><summary>Capgemini&nbsp;Polska &nbsp;Sp.&nbsp;z&nbsp;o.o.</summary>
<details><summary>Carpathia&nbsp;Sp.z.o.o.</summary>
<p>Contact:&nbsp;<a href="mailto:j.shumak@carpathia-global.com">j.shumak@carpathia-global.com</a></p>
<details><summary>CD PROJEKT S.A.</summary>
<p>e-mail:<a href="mailto:jobs@cdprojektred.com">jobs@cdprojektred.com</a></p>
<details><summary>Centra Technology AB Sp. z o. o.</summary>
<p>e-mail: <a href="mailto:damian.pakulski@centra.com">damian.pakulski@centra.com</a></p>
<details><summary>CIVITTA&nbsp;Polska&nbsp;sp.&nbsp;z&nbsp;o.&nbsp;o.&nbsp;</summary>
<p>e-mail:&nbsp;<a href="mailto:info.pl@civitta.com">info.pl@civitta.com</a></p>
<details><summary>Clearcode</summary>
<p>e-mail: <a href="mailto:m.szostak-kustra@clearcode.cc">m.szostak-kustra@clearcode.cc</a></p>
<details><summary>Clinic Hunter</summary>
<p>Contact:&nbsp;mh@clinichunter.com</p>
<details><summary>CLINICAL SOLUTIONS&nbsp; SPÓŁKA Z OGRANICZONĄ ODPOWIEDZIALNOŚCIĄ</summary>
<p>Contact:&nbsp;skirpichenok@gmail.com</p>
<details><summary>CLOUDBUSINESS&nbsp;Sp.&nbsp;z&nbsp;o.o</summary>
<p>Contact:&nbsp;<a href="mailto:larisa.kudravenkova@synder.com">larisa.kudravenkova@synder.com</a></p>
<details><summary>Code&nbsp;Inspiration&nbsp;sp.&nbsp;z&nbsp;o.&nbsp;o.</summary>
<p>Contact:&nbsp;<a href="mailto:y.koroleva@codeinspiration.pro">y.koroleva@codeinspiration.pro</a></p>
<details><summary>CODEX SOFTWARE POLAND</summary>
<p>Contact:&nbsp;karolina.akulenko@codex-soft.com</p>
<details><summary>COGENT NETWORKS SP. ZOO</summary>
<p>Contact:&nbsp;EMILIA@ARROWTODAY.COM</p>
<details><summary>Coherent Solutions sp. z o.o.</summary>
<p>e-mail: <a href="mailto:AGPLPBH@coherentsolutions.com">AGPLPBH@coherentsolutions.com</a></p>
<details><summary>Coinchange Financials</summary>
<p>e-mail: <a href="mailto:alex.b@coinchange.io">alex.b@coinchange.io</a></p>
<details><summary>Comarch&nbsp;S&nbsp;A</summary>
<p>Contact:&nbsp;<a href="mailto:anastasiia.kravets@comarch.com">anastasiia.kravets@comarch.com</a></p>
<details><summary>CompatibL sp. z o.o.</summary>
<p>e-mail: <a href="mailto:jobs@compatibl.com">jobs@compatibl.com</a></p>
<details><summary>COMPUTOOLS</summary>
<p>Contact:&nbsp;hr@computools.com</p>
<details><summary>Concilium&nbsp;Business&nbsp;Solutions&nbsp;sp.&nbsp;z&nbsp;o.o.</summary>
<p>e-mail: <a href="mailto:jpiotrowski@incubator-poland.com">jpiotrowski@incubator-poland.com</a></p>
<details><summary>Consileon Polska Sp. z o.o.</summary>
<p>e-mail: <a href="mailto:praca@consileon.pl">praca@consileon.pl</a></p>
<details><summary>CONSTANTROBOTICS</summary>
<p>Contact:&nbsp;support@constantrobotics.com</p>
<details><summary>Contexxt EU</summary>
<p>e-mail: <a href="mailto:S@contexxt.com">S@contexxt.com</a></p>
<details><summary>CompatibL Sp.z o.o.</summary>
Contact: <a href="mailto:jobs@compatibl.com">jobs@compatibl.com</a></p>
<details><summary>COOPLE (POLAND) Sp. z o.o.</summary>
<p>e-mail: <a href="mailto:katarzyna.kulik@coople.com">katarzyna.kulik@coople.com</a></p>
<details><summary>Core Partners Poland sp. z&nbsp;o.o.</summary>
<p>Contact:&nbsp;cjanus@corepartners.com</p>
<details><summary>Corevist</summary>
<p>e-mail:&nbsp;<a href="mailto:hr@corevist.com">hr@corevist.com</a></p>
<p><a href="mailto:jesse.bongartz@corevist.com">jesse.bongartz@corevist.com</a></p>
<p><a href="mailto:levan.bregadze@corevist.com">levan.bregadze@corevist.com</a></p>
<details><summary>Craftware</summary>
e-mail: <a href="mailto:amajewska@craftware.biz">amajewska@craftware.biz</a></p>
<details><summary>Create IT&nbsp;</summary>
e-mail: <a href="mailto:i.kwiatkowska@createit.com">i.kwiatkowska@createit.com</a></p>
<details><summary>Curiosum</summary>
<p>e-mail: <a href="mailto:mikolaj.musiol@curiosum.com">mikolaj.musiol@curiosum.com</a></p>
<details><summary>CVT</summary>
<p>Contact:&nbsp;az@cvt.services</p>
<details><summary>CYBERVISION TECHNOLOGIES SP. Z O.O.</summary>
<p>e-mail:&nbsp;<a href="mailto:mrotuska@cybervisiontech.com">mrotuska@cybervisiontech.com</a></p>
<details><summary>Cyclad&nbsp;sp.&nbsp;z&nbsp;o.o.</summary>
<p>e-mail:&nbsp;<a href="mailto:anna.kosinska@cyclad.pl">anna.kosinska@cyclad.pl</a></p>
<details><summary>D-Factor Sp. z.o.o.</summary>
<p>e-mail: <a href="mailto:hr@d-factor.pro">hr@d-factor.pro</a></p>
<details><summary>DarwinApps sp. z o. o.</summary>
e-mail: <a href="mailto:yury@darwinapps.com">yury@darwinapps.com</a></p>
<details><summary>DATAMOLA&nbsp;PL&nbsp;&nbsp;Sp.&nbsp;z&nbsp;o.o.</summary>
<p>Contact:&nbsp;<a href="mailto:mzarenok@datamola.com">mzarenok@datamola.com</a></p>
<details><summary>deepsense.ai sp. z o.o.</summary>
<p>Contact:&nbsp;renata.maszczykowska@deepsense.ai</p>
<details><summary>Delve Partners Sp. z o.o.</summary>
<p>Contact:&nbsp;justyna.bancerek@delvedeeper.com</p>
<details><summary>DEMANT BUSINESS SERVICES POLAND SPÓŁKA Z OGRANICZONĄ ODPOWIEDZIALNOŚCIĄ</summary>
<p>Contact:&nbsp;rekrutacja@demant.com</p>
<details><summary>Develocraft&nbsp;Sp.&nbsp;z&nbsp;o.o.</summary>
<p>Contact:&nbsp;<a href="mailto:kamil.parafiniuk@develocraft.com">kamil.parafiniuk@develocraft.com</a></p>
<details><summary>Devrun Tech Sp. z o. o.</summary>
<p>e-mail: <a href="mailto:hq@devrun.tech">hq@devrun.tech</a></p>
<details><summary>Devxed</summary>
<p>Contact:&nbsp;ivan@devxed.com</p>
<details><summary>Digital Services Poland Sp. z o.o.</summary>
<p>Contact:&nbsp;monika.rumianek@capital.com</p>
<details><summary>DigiTech7</summary>
<details><summary>DINOBIT ROMAN MALYUGIN</summary>
<p>Contact:&nbsp;indominus@dinobitsoft.com</p>
<details><summary>DKS Group Sp. Z.O.O.</summary>
<p>e-mail: <a href="mailto:mail@dksgroup.eu">mail@dksgroup.eu</a></p>
<details><summary>Draivn Poland</summary>
<p>Kontakt:&nbsp;alex@draivn.com</p>
<details><summary>Draw Distance S.A.</summary>
e-mail: <a href="mailto:jobs@drawdistance.dev">jobs@drawdistance.dev</a></p>
<details><summary>DREAMTEAM&nbsp;APPS&nbsp;sp.&nbsp;z&nbsp;o.o.</summary>
<p>Contact:&nbsp;<a href="mailto:ceo@dreamteam-apps.pl">ceo@dreamteam-apps.pl</a></p>
<details><summary>DRONEX POLAND PROSTA SPÓŁKA AKCYJNA</summary>
<p>Contact:&nbsp;vk@dronex.com</p>
<details><summary>Droptica&nbsp;</summary>
e-mail: <a href="mailto:kamila.pietras@droptica.pl">kamila.pietras@droptica.pl&nbsp;</a>&nbsp;<a href="mailto:jobs@droptica.com">jobs@droptica.com</a></p>
<details><summary>Dvash Poland sp. z o.o.</summary>
<p>e-mail: <span style="font-size:12.0pt"><a href="mailto:inbox@dvash.pl" style="color:blue; text-decoration:underline" target="_blank">inbox@dvash.pl</a></span></p>
<details><summary>Dyna-Soft Spółka z Ograniczoną Odpowiedzialnością</summary>
<p>Kontakt:&nbsp;y.kruk@dyna-soft.com</p>
<details><summary>Dynevo Group sp. z o.o.</summary>
<p>Contact:&nbsp;andrei@dynevo.org</p>
<details><summary>EduCat</summary>
<p>Contact:&nbsp;marek.holowko@educat.study</p>
<details><summary>EFFECTIVESOFT POLAND SPÓŁKA Z OGRANICZONĄ ODPOWIEDZIALNOŚCIĄ</summary>
<p>e-mail: <a href="mailto:HR@effectivesoft.pl">HR@effectivesoft.pl</a></p>
<details><summary>Efisco sp. z o. o.</summary>
<p>e-mail: <a href="mailto:yash@efisco.net">yash@efisco.net</a></p>
<details><summary>ELEKS SP. Z O.O</summary>
<p>Contact:&nbsp;job@eleks.com</p>
<details><summary>Elinext Softtech sp.&nbsp;z o. o.</summary>
<p>e-mail: <a href="mailto:elinextsofttech.biuro@gmail.com">elinextsofttech.biuro@gmail.com</a></p>
<details><summary>EPAM Systems Poland&nbsp;Sp. z o. o.&nbsp;</summary>
e-mail: <a href="mailto:careers_poland@epam.com">careers_poland@epam.com</a></p>
<details><summary>EPOL&nbsp;IT&nbsp;Sp.&nbsp;z&nbsp;o.o.</summary>
<p>Contact:&nbsp;<a href="mailto:tatsiana.melnichuk@epol-it.com">tatsiana.melnichuk@epol-it.com</a></p>
<details><summary>Equinix&nbsp;Poland</summary>
<p>e-mail: <a href="mailto:anna.derewlana@eu.equinix.com">anna.derewlana@eu.equinix.com</a></p>
<details><summary>EURO ATLANTIC SMART TECHNOLOGY SP. Z O.O</summary>
<p>e-mail: <a href="mailto:golovatyigor@gmail.com">golovatyigor@gmail.com</a></p>
<details><summary>Eurovensys sp.&nbsp;z o. o.</summary>
<p>e-mail: <a href="mailto:info@eurovensys.eu">info@eurovensys.eu</a></p>
<details><summary>EVOLUTION PRODUCTS DEVELOPMENT POLAND Sp z o.o.</summary>
<p>e-mail: <a href="mailto:pprzetacka@evolution.com">pprzetacka@evolution.com</a></p>
<details><summary>Ework Group Sp. z o.o.</summary>
<p>e-mail:&nbsp;<a href="mailto:dorota.stemplewska@eworkgroup.com">dorota.stemplewska@eworkgroup.com</a></p>
<details><summary>Execon</summary>
<p>Contact:&nbsp;<a href="mailto:wioletta.plachta@execon.pl">wioletta.plachta@execon.pl</a></p>
<details><summary>Facemetrics Sp. z o.o.</summary>
<p>e-mail: <a href="mailto:alexander.poplavsky@banuba.com">alexander.poplavsky@banuba.com</a></p>
<details><summary>FAIRMARKIT-POLAND SPÓŁKA Z OGRANICZONĄ ODPOWIEDZIALNOŚCIĄ</summary>
<p>e-mail:&nbsp;<a href="mailto:careers_pl@fairmarkit.com">careers_pl@fairmarkit.com</a></p>
<details><summary>Fireart&nbsp;Sp.&nbsp;z&nbsp;o.o.</summary>
<p>e-mail:&nbsp;<a href="mailto:damian@fireart-d.com">damian@fireart-d.com</a></p>
<details><summary>First&nbsp;Line&nbsp;Software&nbsp;Sp.&nbsp;z&nbsp;o.o.</summary>
<p>Contact:&nbsp;<a href="mailto:jakub.mamla@firstlinesoftware.com">jakub.mamla@firstlinesoftware.com</a></p>
<details><summary>FiveDotTwelve</summary>
<p>Kontakt:&nbsp;office@fivedottwelve.com</p>
<details><summary>FIVELY POLAND SPÓŁKA Z OGRANICZONĄ ODPOWIEDZIALNOŚCIĄ</summary>
<p>Contact:&nbsp;contact@5ly.co</p>
<details><summary>Flying Whale Games Sp. z o.o.</summary>
<p>Contact:&nbsp;info@flyingwhalegames.com</p>
<details><summary>Fortvision</summary>
<p>e-mail:&nbsp;<a href="mailto:raanan@fortvision.com">raanan@fortvision.com</a></p>
<details><summary>Fuero Games Sp. z o.o.</summary>
<p>e-mail: <strong><span style="font-size:12.0pt"><a href="mailto:jobs@fuerogames.com" style="color:blue; text-decoration:underline">jobs@fuerogames.com</a></span></strong></p>
<details><summary>Fundacja Firma Dla Każdego</summary>
<p>e-mail: <a href="mailto:kontakt@firmadlakazdego.pl">kontakt@firmadlakazdego.pl</a></p>
<details><summary>FUNDACJA&nbsp;FREEDOM&nbsp;BUSINESS&nbsp;AREA</summary>
<p>Contact:&nbsp;<a href="mailto:freebizarea@gmail.com">freebizarea@gmail.com</a></p>
<details><summary>Fundacja Rozwoju Przedsiębiorczości "Twój StartUP"</summary>
<details><summary>FUNDACJA&nbsp;UNITY&nbsp;LEGAL&nbsp;COLLABORATION&nbsp;HUB</summary>
<p>e-mail:&nbsp;<a href="mailto:Kontakt@unityhub.biz">contact@unityhub.pl</a></p>
<details><summary>GAMEMOD</summary>
<p>Contact:&nbsp;artem.pushko@gamemod.dev</p>
<details><summary>Garfield sp. z o.o.</summary>
<p>Contact:&nbsp;vladislavivanov440@gmail.com</p>
<details><summary>G-CORE INNOVATIONS SOCIÉTÉ A RESPONSABILITÉ LIMITÉE (SPÓŁKA Z OGRANICZONĄ ODPOWIEDZIALNOŚCIĄ) ODDZIAŁ W POLSCE</summary>
<p>Contact:&nbsp;julia.krawczyk@gcore.com</p>
<details><summary>GES IT sp. z o.o.</summary>
<p>e-mail: <a href="mailto:a.sekirin@ges-it.com.pl">a.sekirin@ges-it.com.pl</a></p>
<details><summary>GETMOSS POLAND</summary>
<p>Contact:&nbsp;katarzyna.szczepanska@getmoss.com</p>
<details><summary>Gigacloud&nbsp;Sp.&nbsp;z&nbsp;o.o.</summary>
<p>Contact:&nbsp;maksym.kurochko@gigacloud.eu</p>
<details><summary>GLORIUM&nbsp;TECHNOLOGIES</summary>
<p>Contact:&nbsp;hr@gloriumtech.com</p>
<details><summary>Godel Technologies Europe sp. z o. o.</summary>
e-mail: <a href="mailto:careers.pl@godeltech.com">careers.pl@godeltech.com</a></p>
<details><summary>GoSolve PSA</summary>
<p>Contact:&nbsp;careers@gosolve.io</p>
<details><summary>GREEN NETWORKS SPÓŁKA Z OGRANICZONĄ ODPOWIEDZIALNOŚCIĄ</summary>
<p>Contact:&nbsp;okonovalov@greennet.ge</p>
<details><summary>Grupa OLX Sp. z o. o</summary>
<p>Contact:&nbsp;global-mobility@prosus.com</p>
<details><summary>H2B&nbsp;Group</summary>
<p>Contact:&nbsp;recruitment@labcontrolsystem.com</p>
<details><summary>HEAPIX Sp.z.o.o.</summary>
<p>Contact:&nbsp;al.grotsky@heapix.com</p>
<details><summary>Hello Poland sp. z o.o.</summary>
<p>e-mail:&nbsp;<a href="https://www.gov.pl/web/poland-businessharbour-en/hello.poland.office@gmail.com">hello.poland.office@gmail.com</a></p>
<details><summary>Helmes&nbsp;Poland&nbsp;Sp.&nbsp;z&nbsp;o.o.</summary>
<p>Contact:&nbsp;victoria.glusskaya@helmes.com</p>
<details><summary>Hemmersbach</summary>
e-mail: <a href="mailto:career.poland@hemmersbach.com">career.poland@hemmersbach.com</a></p>
<details><summary>HITACHI ENERGY SERVICES SPÓŁKA Z OGRANICZONĄ ODPOWIEDZIALNOŚCIĄ</summary>
<p>Contact:&nbsp;aneta.wawrzyniak@hitachienergy.com</p>
<details><summary>HITKOM&nbsp;SP.&nbsp;Z&nbsp;O.O.</summary>
<p>Contact: HITKOM@GMAIL.COM</p>
<details><summary>HiQo Solutions Sp. z o.o.</summary>
<p>e-mail: <a href="mailto:jobs@hiqo-solutions.com">jobs@hiqo-solutions.com</a></p>
<details><summary>Human&nbsp;Culture&nbsp;Sp.&nbsp;z&nbsp;o.o.</summary>
<p>Contact:&nbsp;marta@gyfted.me</p>
<details><summary>IBA Poland sp. z o. o.</summary>
<p>e-mail: <a href="mailto:loubnevski@ibagroup.eu">loubnevski@ibagroup.eu</a></p>
<details><summary>ICODELAB Sp. O.O.</summary>
<p>e-mail: <a href="mailto:lenaandreevapl@gmail.com">lenaandreevapl@gmail.com</a></p>
<details><summary>ICS&nbsp;ENGINEERING&nbsp;SPÓŁKA&nbsp;Z&nbsp;OGRANICZONĄ&nbsp;ODPOWIEDZIALNOŚCIĄ</summary>
<p>Contact:<a href="mailto:icsengineering.poland@gmail.com">&nbsp;icsengineering.poland@gmail.com</a></p>
<details><summary>iDeals Poland spółka z ograniczoną odpowiedzialnością</summary>
<p>Contact:&nbsp;elya.ievchenko@idealscorp.com</p>
<details><summary>Improve&nbsp;Media</summary>
<p>Contact:&nbsp;<a href="mailto:forantoshby@gmail.com">forantoshby@gmail.com</a></p>
<details><summary>INGENIOS SPÓŁKA Z OGRANICZONĄ ODPOWIEDZIALNOŚCIĄ</summary>
<p>Kontakt:&nbsp;<a href="mailto:contact@ingenios.io">contact@ingenios.io</a></p>
<details><summary>Infinity&nbsp;Group&nbsp;sp.&nbsp;z&nbsp;o.&nbsp;o.</summary>
<p>e-mail:&nbsp;<a href="mailto:i.szutko@infinity-group.pl">i.szutko@infinity-group.pl</a></p>
<details><summary>Infolet sp. z o. o.</summary>
<p>e-mail:<a href="mailto:praca@infolet.pl">praca@infolet.pl,</a><a href="mailto:katarzyna.bodziony@infolet.pl">katarzyna.bodziony@infolet.pl</a></p>
<details><summary>Infoplus Technologies Poland sp. z o.o.</summary>
<p>Contact:&nbsp;anu@infoplusltd.co.uk</p>
<details><summary>INNOWISE SP. Z O.O</summary>
<p>Contact:&nbsp;<a href="mailto:herman.marozau@innowise-group.com">herman.marozau@innowise-group.com</a></p>
<details><summary>Instinctools sp.&nbsp;z&nbsp;o.o</summary>
<p>Contact:&nbsp;<a href="mailto:yury@instinctools.pl">yury@instinctools.pl</a></p>
<details><summary>INTEGO&nbsp;GROUP,&nbsp;LLC&nbsp;SPÓŁKA&nbsp;Z&nbsp;OGRANICZONA&nbsp;ODPOWIEDZIALNOSCIA&nbsp;ODDZIAŁ&nbsp;W&nbsp;POLSCE</summary>
<p>Contact:&nbsp;<a href="mailto:kyryl.golobrodskiy@intego-group.com">kyryl.golobrodskiy@intego-group.com</a></p>
<details><summary>Inter Slavonic Links sp. z o. o.</summary>
<p>e-mail: <a href="mailto:mea@bizpol.pro">mea@bizpol.pro</a></p>
<details><summary>InterLogic Poland</summary>
e-mail: <a href="mailto:lbe@interlogic.com.ua">lbe@interlogic.com.ua</a></p>
<details><summary>Intellias</summary>
<p>e-mail: <a href="mailto:oleh.piskozub@intellias.com">oleh.piskozub@intellias.com</a></p>
<details><summary>Intetics&nbsp;GmbH&nbsp;spółka&nbsp;z&nbsp;ograniczoną&nbsp;odpowiedzialnością&nbsp;Oddział&nbsp;w&nbsp;Polsce</summary>
<p>e-mail: <a href="mailto:intetics@intetics.com">intetics@intetics.com</a></p>
<details><summary>Intive Gmbh sp. z o. o. oddział w Polsce</summary>
<p>e-mail: <a href="mailto:maria.gorodnik@intive.com">maria.gorodnik@intive.com</a></p>
<details><summary>IP&nbsp;Partner</summary>
e-mail: <a href="mailto:office@ippartner.eu">office@ippartner.eu</a></p>
<details><summary>IQ&nbsp;SOLUTIONS&nbsp;SP.&nbsp;Z&nbsp;O.O.</summary>
<p>Contact:&nbsp;<a href="mailto:iqsolpro@gmail.com">iqsolpro@gmail.com</a></p>
<details><summary>iStudio sp. z o. o.</summary>
<p>e-mail: <a href="mailto:pavel@isdigital.pl">pavel@isdigital.pl</a></p>
<details><summary>iTechArt Group sp. z o.o</summary>
<p>e-mail: &nbsp;<a href="mailto:careers@itechart-group.pl">careers@itechart-group.pl</a>&nbsp;</p>
<details><summary>ITDS&nbsp;Polska&nbsp;Sp.&nbsp;z&nbsp;o.o.</summary>
<p>e-mail:&nbsp;<a href="mailto:karolina.kucinska@itds.pl">hr@itds.pl</a></p>
<details><summary>Itransition sp.z&nbsp; o. o.</summary>
<p>e-mail:&nbsp;<span style="font-size:11.0pt"><a href="mailto:a.dudareva-shakuro@itransition.com" style="color:blue; text-decoration:underline">a.dudareva-shakuro@itransition.com</a></span></p>
<details><summary>ITS&nbsp;Poland&nbsp;&nbsp;Sp.&nbsp;z&nbsp;o.o.</summary>
<p>Contact:&nbsp;<a href="mailto:stepanenko@itspartner.net">stepanenko@itspartner.net</a></p>
<details><summary>IZDAT SPÓŁKA Z OGRANICZONĄ ODPOWIEDZIALNOŚCIĄ</summary>
<p>Contact:&nbsp;v.morozova@izdat.com</p>
<details><summary>JUNIPER&nbsp;ANIMATION&nbsp;STUDIO&nbsp;SP.&nbsp;Z&nbsp;O.O.</summary>
<p>Contact:&nbsp;<a href="mailto:gopienkoivan@gmail.com">gopienkoivan@gmail.com</a></p>
<details><summary>JURTIM Sp. z o.o.</summary>
<p>e-mail: <a href="mailto:JURTIM.PL@GMAIL.COM">JURTIM.PL@GMAIL.COM</a></p>
<details><summary>Keepit&nbsp;Poland&nbsp;Sp.&nbsp;z&nbsp;o.o.</summary>
<p>Contact:&nbsp;<a href="mailto:edc@keepit.com">lkr@keepit.com</a></p>
<details><summary>KITOPI Poland sp. z o. o.</summary>
<p>e-mail: <a href="mailto:mailto:renata.jach@kitopi.com">renata.jach@kitopi.com</a></p>
<details><summary>Klabater SA</summary>
<p>e-mail: <a href="mailto:praca@klabater.com">praca@klabater.com</a></p>
<details><summary>KONSTRUKT ARCHITECTS SP. Z O.O.</summary>
<p>e-mail: <a href="mailto:Hron-i@mail.ru">Hron-i@mail.ru</a></p>
<details><summary>Kronos Tech Europe sp. z o.o.</summary>
<p>Contact:&nbsp;polandbusinessharbour@woo.network</p>
<details><summary>KSK&nbsp;Developments&nbsp;Sp.&nbsp;z o.o.</summary>
<p><span style="font-size:11.0pt">e-mail:</span> <a href="mailto:m.kasperek@ksk-dev.com">m.kasperek@ksk-dev.com</a></p>
<details><summary>Kyriba Engineering Poland sp.&nbsp;z o. o.</summary>
<p>e-mail:&nbsp;<a href="https://www.gov.pl/web/poland-businessharbour-en/joanna.kaisz@kyriba.com">hr_poland@kyriba.com</a></p>
<details><summary>Kyndryl Global Services Delivery Centre Polska Sp. z o.o.</summary>
<p>e-mail: <a href="mailto:aleksandra.praglowska@kyndryl.com">aleksandra.praglowska@kyndryl.com</a></p>
<details><summary>LAEUROPE spółka z ograniczoną odpowiedzialnością</summary>
<p>Contact:&nbsp;<a href="mailto:legal.advisor@lasoft.org">legal.advisor@lasoft.org</a></p>
<details><summary>Lichba&nbsp;sp.&nbsp;z.o.o</summary>
<p>Contact:&nbsp;<a href="mailto:dusmikeeva@gmail.com">dusmikeeva@gmail.com</a></p>
<details><summary>LinkBook&nbsp;Poland&nbsp;sp.&nbsp;z&nbsp;o.o.</summary>
<p>Contact:&nbsp;a.fridunzade@linkbook.pl</p>
<details><summary>LOMRAY SOFTWARE SPÓŁKA Z OGRANICZONĄ ODPOWIEDZIALNOŚCIĄ</summary>
<p>Contact:&nbsp;info@lomray.com</p>
<details><summary>LOVATA sp. z o.o</summary>
<p>e-mail: <a href="mailto:hr@lovata.com">hr@lovata.com</a></p>
<details><summary>LPGlo&nbsp;POLAND&nbsp;sp. z o.o</summary>
<p>e-mail: <a href="mailto:lpglo.poland@gmail.com">lpglo.poland@gmail.com</a></p>
<details><summary>Luware Poland Sp. z o.o.</summary>
<p>e-mail: <a href="mailto:afralou@luware.com">afralou@luware.com</a></p>
<details><summary>Lynx IT Sp. z o. o.</summary>
<p>Contact:&nbsp;contact@lynx-it.net</p>
<details><summary>Łatwy&nbsp;Start&nbsp;Sp.&nbsp;z&nbsp;o.&nbsp;o.</summary>
<p>Contact:&nbsp;<a href="mailto:info@latwy-start.pl">info@latwy-start.pl</a></p>
<details><summary>M&amp;P Digital Solutions sp. z o.o.</summary>
<p>e-mail: <a href="mailto:daria.majka@muehlemann-popp.ch">daria.majka@muehlemann-popp.ch</a></p>
<details><summary>MAGEDIA&nbsp;Sp. z o.&nbsp;o.</summary>
<details><summary>Mainsoft Sp. z o.o.</summary>
<p>e-mail: <a href="mailto:contact@mainsoft.org">contact@mainsoft.org</a></p>
<details><summary>MAKOLAB SA</summary>
<p>e-mail: <a href="mailto:tomasz.malecki@makolab.com">tomasz.malecki@makolab.com</a></p>
<details><summary>MALANKA&nbsp;SP.&nbsp;Z&nbsp;O.O.</summary>
<p>Contact:&nbsp;malanka.biuro@gmail.com</p>
<details><summary>mDevevelopers</summary>
<p>e-mail:&nbsp;<a href="mailto:milo@mdevelopers.com">milo@mdevelopers.com</a></p>
<details><summary>Meant4 Sp. z o.o.</summary>
<p>e-mail: <a href="mailto:maciej.perlinski@meant4.com">maciej.perlinski@meant4.com</a></p>
<details><summary>MIA CONSULT GROUP Sp. z o.o.</summary>
<p>e-mail: <a href="mailto:biuro@kodim.pl">biuro@kodim.pl</a></p>
<details><summary>MBICYCLE POLAND SPÓŁKA Z OGRANICZONĄ ODPOWIEDZIALNOŚCIĄ</summary>
<p>e-mail: <a href="mailto:mbicycle.us@mbicycle.com">mbicycle.us@mbicycle.com</a></p>
<details><summary>Mela&nbsp;IT&nbsp;Sp. z&nbsp;o.o.</summary>
<p>Contact:&nbsp;<a href="mailto:Iryna.ladysh@gmail.com">Iryna.ladysh@gmail.com</a></p>
<details><summary>Mirantis Poland Sp. z o.o.</summary>
<p>e-mail: <a href="mailto:ahildebranska@mirantis.com">ahildebranska@mirantis.com</a></p>
<details><summary>Miromind&nbsp;sp.&nbsp;z&nbsp;o.o.</summary>
<p>Contact:&nbsp;info@miromind.com</p>
<details><summary>MITRIX TECHNOLOGY SP. Z O.O.</summary>
<p>Contact:&nbsp;dblyshchyk@mitrix.io</p>
<details><summary>Mobile Reality sp. z o.o.</summary>
<p>e-mail:&nbsp;<a href="mailto:marcin.sadowski@mobilereality.pl">marcin.sadowski@mobilereality.pl</a></p>
<details><summary>MojaFirma sp. z o. o.&nbsp;</summary>
<p>e-mail: <a href="mailto:ds@mojafirma.org">ds@mojafirma.org</a></p>
<details><summary>Monterail&nbsp;</summary>
e-mail: <a href="mailto:marta.dziergwa@monterail.com">marta.dziergwa@monterail.com</a>&nbsp;&nbsp;<a href="mailto:magdalena.skwarnik-swiatkowska@monterail.com">magdalena.skwarnik-swiatkowska@monterail.com&nbsp;</a></p>
<details><summary>MOTIFE TECHNOLOGY</summary>
<p>Contact:&nbsp;jobs@motife.com</p>
<details><summary>NAVISPY&nbsp;SP.&nbsp;Z&nbsp;O.&nbsp;O.</summary>
<p>Contact:&nbsp;<a href="mailto:navispy@navispy.com">navispy@navispy.com</a>,&nbsp;<a href="mailto:knud@navispy.com">knud@navispy.com</a></p>
<details><summary>ND&nbsp;Labs&nbsp;Sp.&nbsp;z&nbsp;o.o.</summary>
<p>e-mail:&nbsp;<a href="mailto:contact@ndlabs.dev">contact@ndlabs.dev</a></p>
<details><summary>NEXONTIS&nbsp;Solutions&nbsp;Sp.&nbsp;z&nbsp;o.o.</summary>
<p>Kontakt:&nbsp;HR.Poland@nexontis.com</p>
<details><summary>NG&nbsp;Logic</summary>
<p>e-mail: <a href="mailto:info@nglogic.com">info@nglogic.com</a></p>
<details><summary>NIKOLAUS GAMES SPÓŁKA Z OGRANICZONĄ ODPOWIEDZIALNOŚCIĄ</summary>
<p>Contact:&nbsp;biuro@nikolausgames.com</p>
<details><summary>Objectstyle sp. z o.o.</summary>
<p>Contact:&nbsp;<a href="mailto:jobs@objectstyle.com">jobs@objectstyle.com</a></p>
<details><summary>Office Data Apps sp. z o.o.</summary>
<p>e-mail: <a href="mailto:company-jobs@office-data-apps.com">company-jobs@office-data-apps.com</a></p>
<details><summary>OneSoil&nbsp;sp.&nbsp;z&nbsp;o.o.</summary>
<p>Contact:&nbsp;people@onesoil.ao</p>
<details><summary>ON THE SPOT SPÓŁKA Z OGRANICZONĄ ODPOWIEDZIALNOŚCIĄ</summary>
<p>Contact:&nbsp;hello@onthespotdev.com</p>
<details><summary>OP8&nbsp;PL&nbsp;sp.&nbsp;z&nbsp;o.o.</summary>
<p>Contact:&nbsp;<a href="mailto:rowena@opinov8.com">rowena@opinov8.com</a></p>
<details><summary>OUTMATIC PROSTA SPÓŁKA AKCYJNA</summary>
<p>Contact:&nbsp;anna.krajewska@outmatic.pl</p>
<details><summary>PAGEART Sebastian Kubat</summary>
<p><span style="font-size:11.0pt">Kontakt</span>::<a href="mailto:biuro@pageart.pl">biuro@pageart.pl</a></p>
<details><summary>PALTA&nbsp;Poland&nbsp;Sp.&nbsp;z&nbsp;o.o.</summary>
e-mail: <a href="mailto:polandhub.admin@palta.com">polandhub.admin@palta.com</a></p>
<details><summary>Pavel&nbsp;Adylin</summary>
<p>Kontakt:&nbsp;<a href="mailto:pavel@adylin.com" target="_blank">pavel@adylin.com</a></p>
<details><summary>Pendulum Instruments Sp. z o.o.</summary>
<p>Kontakt:&nbsp;beata.stramska@pendulum-instruments.com</p>
<details><summary>Perfect Gym Solutions S.A.</summary>
<p>Contact:&nbsp;kariera@perfectgym.com</p>
<details><summary>Petsitters Sp. z&nbsp;o. o.</summary>
<p>Contact:&nbsp;<a href="mailto:info@petsitters.pl">info@petsitters.pl</a></p>
<details><summary>PGP&nbsp;hub&nbsp;Sp.&nbsp;z&nbsp;o.o.</summary>
<p>Contact:&nbsp;marach.a@profitero.com</p>
<details><summary>PIVOTICS SPÓŁKA Z OGRANICZONĄ ODPOWIEDZIALNOŚCIĄ</summary>
<p>e-mail:&nbsp;<a href="mailto:elena.momotyuk@teqniksoft.com">elena.momotyuk@teqniksoft.com</a></p>
<details><summary>PLARIUM&nbsp;POLAND&nbsp;SPÓŁKA&nbsp;Z&nbsp;OGRANICZONĄ&nbsp;ODPOWIEDZIALNOŚCIĄ</summary>
<p>Contact:&nbsp;<a href="mailto:info.pl@plarium.com">info.pl@plarium.com</a></p>
<details><summary>Plazo Technologies Sp. z o.o.</summary>
<p>Contact:&nbsp;tomasz.zapala@fapartners.pl</p>
<details><summary>Plazo Technology</summary>
<p>Kontakt:&nbsp;sergey.trubilo@idfinance.com</p>
<details><summary>Polcode Sp. z o.o.</summary>
<span style="font-size:14.6667px">Kontakt</span>: <a href="mailto:praca@polcode.com">praca@polcode.com</a></p>
<details><summary>Power 3 SP z. o. o.</summary>
<p><span style="font-size:11.0pt">Kontakt</span>: <a href="mailto:shakirov@power3.biz">shakirov@power3.biz</a></p>
<details><summary>Premotec Poland Sp. z o. o.</summary>
<p>Contact:&nbsp;pbh@premotec.ch</p>
<details><summary>PRIME NETTO Sp. z o.o.</summary>
<p>Contact:&nbsp;office@softvoya.com</p>
<details><summary>Productive Edge Poland sp. z o.o</summary>
<p>e-mail: <a href="mailto:mkolodziej@productiveedge.com">mkolodziej@productiveedge.com</a></p>
<details><summary>Proffiz</summary>
<p>Contact:&nbsp;<a href="mailto:mskrobala@proffiz.com">mskrobala@proffiz.com</a></p>
<details><summary>Propeller Plan Sp. z o.o.</summary>
<p>e-mail: <a href="mailto:cv@propellerplan.com">cv@propellerplan.com</a></p>
<details><summary>PULSAR OPTICS PL SPÓŁKA Z OGRANICZONĄ ODPOWIEDZIALNOŚCIĄ</summary>
<p>Contact: a.yatskevich@yukonww.com</p>
<details><summary>Primetals Technologies Poland sp.&nbsp;z o. o.&nbsp;</summary>
e-mail: <a href="mailto:elzbieta.luksza@primetals.com">elzbieta.luksza@primetals.com</a></p>
<details><summary>Pwt-Solution</summary>
<p>Contact:&nbsp;<a href="mailto:Kraftmog1@gmail.com">Kraftmog1@gmail.com</a></p>
<details><summary>QOLABRA&nbsp;SPÓŁKA&nbsp;Z&nbsp;OGRANICZONĄ&nbsp;ODPOWIEDZIALNOŚCIĄ</summary>
<p>Contact:&nbsp;<a href="mailto:contact@qolabra.eu">contact@qolabra.eu</a></p>
<details><summary>QUIN Technologies Poland sp. z o.o</summary>
<p>Contact:&nbsp;raphael@getquin.com</p>
<details><summary>QULIX sp. z o.o.</summary>
<p>Contact:&nbsp;epiasetskaya@qulix.com</p>
<details><summary>RADISHSKI SPÓŁKA Z OGRANICZONĄ ODPOWIEDZIALNOŚCIĄ</summary>
<p>Contact:&nbsp;mattias@magmamath.com</p>
<details><summary>Rainbow Meteo Technologies</summary>
<p>e-mail: <a href="mailto:info@rainbow.ai">info@rainbow.ai</a></p>
<details><summary>RDS-BIM sp z.o.o</summary>
<p>Contact:&nbsp;info@rds-bim.com</p>
<details><summary>Reality&nbsp;Games&nbsp;SA</summary>
<p>Contact:&nbsp;recruitment@reality.co</p>
<details><summary>Rebel Wolves Sp. z o.o.</summary>
<p>Contact:&nbsp;izabella.samel-kowalik@rebel-wolves.com</p>
<details><summary>Regula&nbsp;Poland&nbsp;Spółka&nbsp;z&nbsp;o.o.&nbsp;</summary>
<p>Kontakt:&nbsp;<a href="mailto:darya.kaziakouskaya@regula.us">darya.kaziakouskaya@regula.us</a></p>
<details><summary>REMEDY PRODUCT EUROPE SPÓŁKA Z OGRANICZONĄ ODPOWIEDZIALNOŚCIĄ</summary>
<p>e-mail: <span style="font-size:12.0pt"><a href="mailto:europe@remedypointsolutions.com" style="color:blue; text-decoration:underline" target="_blank"><span style="font-size:9.0pt">europe@remedypointsolutions.com</span></a></span></p>
<details><summary>REMITLY&nbsp;Poland&nbsp;sp.&nbsp;z&nbsp;o.&nbsp;o.</summary>
e-mail: <a href="mailto:dmitris@remitly.com">dmitris@remitly.com</a></p>
<details><summary>Remote&nbsp;Poland&nbsp;spółka&nbsp;z&nbsp;ograniczoną&nbsp;odpowiedzialnością</summary>
<p>Contact:&nbsp;<a href="mailto:immigration@remote.com">immigration@remote.com</a></p>
<details><summary>Reply&nbsp;Polska</summary>
<p>e-mail: <a href="mailto:jobs.polska@reply.com">jobs.polska@reply.com</a></p>
<details><summary>Resend</summary>
<p>Contact:&nbsp;Y.teslya@resend.pro</p>
<details><summary>Revolut Ltd. z o. o. Oddział w Polsce</summary>
e-mail: <a href="http://revolut.com/">beata.dziedzic@revolut.com</a></p>
<details><summary>RGames&nbsp;West&nbsp;Sp.&nbsp;z&nbsp;o.&nbsp;o.</summary>
<p>Contact:&nbsp;<a href="mailto:as@rgameswest.com">as@rgameswest.com</a></p>
<details><summary>Right Information</summary>
e-mail: <a href="mailto:jobs@rightinformation.com">jobs@rightinformation.com</a></p>
<details><summary>Roche Polska Sp z o.o.</summary>
<p>e-mail: <a href="mailto:joanna_maria.grzegorowska@roche.com">joanna_maria.grzegorowska@roche.com</a></p>
<details><summary>Romba&nbsp;Barłomiej&nbsp;Probe</summary>
<p>Kontakt:&nbsp;<a href="mailto:bart@romba.tech">bart@romba.tech</a>&nbsp;<a href="mailto:office@romba.tech">office@romba.tech</a></p>
<details><summary>SaM Solutions sp.z.o.o.</summary>
<p>Contact:&nbsp;y.aboryna@sam-solutions.com</p>
<details><summary>Santander Global Technology and Operations S.L. Oddział w Polsce.</summary>
<p>Contact:&nbsp;radoslaw.krasowski@gruposantander.com</p>
<details><summary>Satellite&nbsp;Poland</summary>
<p>Contact:&nbsp;<a href="mailto:hello@satelliteinnovations.io">hello@satelliteinnovations.io</a></p>
<details><summary>SayGames sp. z o.o.</summary>
<p>e-mail:&nbsp;<a href="mailto:anna.zhuk@saygames.by">anna.zhuk@saygames.by</a></p>
<details><summary>Scand Poland sp. z oo</summary>
<p>e-mail: <a href="mailto:poland@scand.com">poland@scand.com</a></p>
<details><summary>ScienceSoft&nbsp;sp.&nbsp;z&nbsp;o.o.</summary>
<p>Contact:&nbsp;<a href="mailto:job@scnsoft.com">job@scnsoft.com</a></p>
<details><summary>Seedilon Sp. z o.o.</summary>
<p>e-mail: <a href="mailto:aspram.sargsyan@seedilon.com">aspram.sargsyan@seedilon.com</a></p>
<details><summary>Senamasoft&nbsp;Sp.&nbsp;z&nbsp;o.o.</summary>
<p>Contact:&nbsp;<a href="mailto:senamasoft@gmail.com">senamasoft@gmail.com</a></p>
<details><summary>SEQRED&nbsp;Sp.&nbsp;z&nbsp;o.o.</summary>
<details><summary>Showpad</summary>
<p>Kontakt:&nbsp;katarzyna.sobotka@showpad.com</p>
<details><summary>Signal OS</summary>
<p>Contact:&nbsp;tomasz.felczyk@gmail.com</p>
<details><summary>Siili Solutions Sp. z o.o.</summary>
<p>Kontakt:&nbsp;tetyana.matveyeva@siili.com</p>
<details><summary>SimCorp</summary>
<p>e-mail:&nbsp;<a href="mailto:jolanta.babut@simcorp.com">jolanta.babut@simcorp.com</a></p>
<details><summary>Skelia Poland Sp. z o.o.</summary>
<p>Contact:&nbsp;anna.lasota@pwrteams.com</p>
<details><summary>Skybuffer sp. z o.o.</summary>
<p>Contact:&nbsp;hi@skybuffer.com</p>
<details><summary>SMARTFORCE</summary>
<p>Contact:&nbsp;am@smart-force.pl</p>
<details><summary>SNI sp. z o.o.</summary>
<p>e-mail: <a href="mailto:Kontakt@sniconsulting.net">Kontakt@sniconsulting.net</a></p>
<details><summary>SNOWFLAKE POLAND Sp. z o.o.</summary>
<p>Contact:&nbsp;dorota.jaworska@snowflake.com</p>
<details><summary>Soflab&nbsp;Technology&nbsp;Sp.&nbsp;z&nbsp;o.o.</summary>
<p>e-mail:&nbsp;<a href="mailto:kariera@soflab.pl">kariera@soflab.pl</a>&nbsp;<a href="mailto:karolina.zuchlewska@soflab.pl">karolina.zuchlewska@soflab.pl</a></p>
<details><summary>SoftDevelopment PL sp.zoo</summary>
<p>Contact:&nbsp;dmitriy.levkovich@noventiq.com</p>
<details><summary>SOFTFORCE&nbsp;sp&nbsp;z&nbsp;o.o.</summary>
<p>Contact:&nbsp;<a href="mailto:softforcepl@gmail.com">softforcepl@gmail.com</a></p>
<details><summary>SOFTNETIX&nbsp;POLAND&nbsp;SPÓŁKA&nbsp;Z&nbsp;OGRANICZONĄ&nbsp;ODPOWIEDZIALNOŚCIĄ</summary>
<p>Contact:&nbsp;<a href="mailto:oleg.kalashnikov@icloud.com">info@softnetix.io</a></p>
<details><summary>Softteco PL sp.&nbsp;z o. o.</summary>
<p>e-mail: <a href="mailto:v.syrova@softteco.com">v.syrova@softteco.com</a></p>
<details><summary>Sollers Consulting</summary>
<p>Contact:&nbsp;job@sollers.eu</p>
<details><summary>SOLVEIT SPÓŁKA Z OGRANICZONĄ ODPOWIEDZIALNOŚCIĄ</summary>
<p>e-mail: <a href="mailto:info@solveit.dev">info@solveit.dev</a></p>
<details><summary>SolveQ Agile Software House</summary>
e-mail: <a href="mailto:marcin.kulawik@solveq.io">marcin.kulawik@solveq.io</a></p>
<details><summary>Sonalake&nbsp;Sp.&nbsp;z&nbsp;o.o.</summary>
<p>Contact:&nbsp;<a href="mailto:bartosz.jerzy@sonalake.com">bartosz.jerzy@sonalake.com</a></p>
<details><summary>Soname&nbsp;Solutions&nbsp;sp.&nbsp;z&nbsp;o.&nbsp;o.</summary>
<p>e-mail: <a href="mailto: info@soname.de"> info@soname.de</a></p>
<details><summary>Soxes Poland sp. z o.o.</summary>
<p>e-mail: <a href="mailto:poland@soxes.ch">poland@soxes.ch</a></p>
<details><summary>Specific-Group Poland</summary>
e-mail: <a href="mailto:office.pl@specific-group.com">office.pl@specific-group.com</a></p>
<details><summary>Sperasoft Poland sp. z o. o.</summary>
e-mail: <a href="mailto:hr.jobs@sperasoft.com">hr.jobs@sperasoft.com</a></p>
<details><summary>SPIRAL SCOUT&nbsp; sp.&nbsp;z.&nbsp;o.o.</summary>
e-mail: <a href="mailto:spiralscoutszoo@gmail.com">spiralscoutszoo@gmail.com</a></p>
<details><summary>Spyrosoft</summary>
e-mail: <a href="mailto:aor@spyro-soft.com">aor@spyro-soft.com</a></p>
<details><summary>Square&nbsp;One&nbsp;Resources</summary>
<p>Contact:&nbsp;<a href="mailto:katarzyna.latoszek@squareoneresoucres.com">plinfo@squareoneresources.com</a></p>
<details><summary>Stellantis&nbsp;Gliwice&nbsp;Sp.z&nbsp;o.o&nbsp;Oddział&nbsp;II&nbsp;w&nbsp;Tychach</summary>
<p>Contact:&nbsp;<a href="mailto:anna.maksymowicz@stellantis.com">anna.maksymowicz@stellantis.com</a>,&nbsp;<a href="mailto:edyta.bojda-pastuszczyn@stellantis.com">edyta.bojda-pastuszczyn@stellantis.com</a></p>
<details><summary>Stera&nbsp;Global&nbsp;Sp.&nbsp;Z.o.o</summary>
<p>Contact:&nbsp;<a href="mailto:contact@stera.global">contact@stera.global</a>,&nbsp;<a href="mailto:daniil@stera.global">daniil@stera.global</a></p>
<details><summary>StratsLab Sp. z o.o.</summary>
<p>Contact:&nbsp;magdalena.klusek@stratslab.com</p>
<details><summary>Succraft sp z o.o.</summary>
<p>e-mail: <a href="mailto:t508585054@gmail.com">t508585054@gmail.com</a></p>
<details><summary>Syberry sp. z o.o.</summary>
<p>e-mail: <a href="mailto:contact@syberry.com">contact@syberry.com</a></p>
<details><summary>TAINDEEN SPÓŁKA Z OGRANICZONĄ ODPOWIEDZIALNOŚCIĄ</summary>
<p>Contact:&nbsp;alexandr.zhuk@jetbi.com</p>
<details><summary>TangoMe Poland sp. z o.o</summary>
<p>e-mail: <span style="font-size:12.0pt"><a href="mailto:mskweres@tango.me" style="color:blue; text-decoration:underline">mskweres@tango.me</a></span></p>
<details><summary>TantusData Sp. z o.o.</summary>
<p>e-mail: <a href="mailto:jobs@tantusdata.com">jobs@tantusdata.com</a></p>
<details><summary>TeaCode s. c.&nbsp;</summary>
e-mail:: <a href="mailto:jobs@teacode.io">jobs@teacode.io</a></p>
<details><summary>TEALIUM&nbsp;POLAND&nbsp;Sp.&nbsp;z&nbsp;o.o.</summary>
<p>Contact:&nbsp;<a href="mailto:tanya.chubrik@tealium.com">tanya.chubrik@tealium.com</a></p>
<details><summary>TeamQuest</summary>
<p>e-mail: <a href="mailto:anna.golubnycha@teamquest.pl">anna.golubnycha@teamquest.pl</a></p>
<details><summary>TECHIN&nbsp;POLAND&nbsp;SPÓŁKA&nbsp;Z&nbsp;OGRANICZONĄ&nbsp;ODPOWIEDZIALNOŚCIĄ</summary>
<p>Contact:&nbsp;<a href="mailto:info@techin-lab.com">info@techin-lab.com</a></p>
<details><summary>TECHMAGIC PL</summary>
<p>Contact:&nbsp;career@techmagic.co</p>
<details><summary>Thundermark&nbsp;Polska&nbsp;Sp.&nbsp;z o.o.</summary>
<p>Contact:&nbsp;<a href="mailto:yuri@thundermark.gg">yuri@thundermark.gg</a>,&nbsp;<a href="mailto:olesia@thundermark.gg">olesia@thundermark.gg</a></p>
<details><summary>Tier&nbsp;One&nbsp;Analytics&nbsp;sp.&nbsp;z&nbsp;o.o.</summary>
<p>Contact:&nbsp;<a href="mailto:hiring@t1a.com">hiring@t1a.com</a></p>
<details><summary>Titan GameZ sp. z o. o.</summary>
<p>e-mail: <a href="mailto:mike@titangamez.com">mike@titangamez.com</a></p>
<details><summary>TORWAY&nbsp;SP.&nbsp;Z&nbsp;O.O</summary>
<p>Contact:&nbsp;<a href="mailto:vtoroipasportwaw@gmail.com">vtoroipasportwaw@gmail.com</a></p>
<details><summary>Treative&nbsp;sp.&nbsp;z&nbsp;o.o.</summary>
<p>Contact:&nbsp;<a href="mailto:pawel.sasor@treative.eu">pawel.sasor@treative.eu</a></p>
<details><summary>TYMIQ POLSKA Sp. z o.o.</summary>
<p>e-mail: <a href="mailto:hr@tymiq.pl">hr@tymiq.pl</a></p>
<details><summary>Ulam Labs</summary>
<p>Kontakt:&nbsp;<a href="mailto:hiring@ulam.io">hiring@ulam.io</a></p>
<details><summary>ULCH&nbsp;RELOBIZ sp.&nbsp;z&nbsp;o.o.</summary>
<p>e-mail:&nbsp;<a href="mailto:Kontakt@unityhub.pl">contact@unityhub.pl</a></p>
<details><summary>Umind&nbsp;Studio&nbsp;sp.&nbsp;z&nbsp;o.o.</summary>
<p>Contact:&nbsp;<a href="mailto:natalia.osipchik@umind.tech">natalia.osipchik@umind.tech</a></p>
<details><summary>USEO Sp. z o.o.</summary>
<p>e-mail: <a href="mailto:office@useo.pl">office@useo.pl</a></p>
<details><summary>Walexweb&nbsp;sp.&nbsp;z&nbsp;o.o.</summary>
<p>Contact:&nbsp;laputs91@gmail.com</p>
<details><summary>Wargaming&nbsp;Warsaw&nbsp;Sp.&nbsp;z&nbsp;o.o.</summary>
<p>Contact:&nbsp;wg_warsaw@wargaming.net</p>
<details><summary>Weband&nbsp;z&nbsp;o.o.</summary>
<p>Contact:&nbsp;<span style="font-size:12.0pt"><a href="mailto:paih.resume.weband@gmail.com" style="color:blue; text-decoration:underline">paih.resume.weband@gmail.com</a></span></p>
<details><summary>WELLNUTS&nbsp;PL&nbsp;SPÓŁKA&nbsp;Z&nbsp;OGRANICZONĄ&nbsp;ODPOWIEDZIALNOŚCIĄ</summary>
<p>Kontakt:&nbsp;<a href="mailto:yuliya@wellnutscorp.com">yuliya@wellnutscorp.com</a></p>
<details><summary>WINGS&nbsp;CONSULTANTS</summary>
<p>Contact:&nbsp;<span style="font-size:11.0pt"><span style="background-color:white"><a href="mailto:visignotus@op.pl" style="color:#0563c1; text-decoration:underline">visignotus@op.pl</a> </span></span></p>
<details><summary>Wired Tunes</summary>
<p>e-mail: <a href="mailto:Evgeniy@wiredtunes.pl">Evgeniy@wiredtunes.pl</a></p>
<details><summary>Wishdeck Spółka z ograniczoną odpowiedzialnością</summary>
<p>Contact:&nbsp;<span style="font-size:10.0pt"><a href="mailto:contact@wishdeck.app" style="color:blue; text-decoration:underline">contact@wishdeck.app</a></span></p>
<details><summary>WORKFUSION POLAND Sp.z o.o.</summary>
<p>e-mail: <a href="mailto:esurabko@workfusion.com">esurabko@workfusion.com</a></p>
<details><summary>World Industry Programming "WIP" Sp. z o.o.</summary>
<p>Contact:&nbsp;biuro@innerweb.pl</p>
<details><summary>WuBook&nbsp;PL&nbsp;sp.&nbsp;z&nbsp;o.o.</summary>
<p>Contact:&nbsp;<a href="mailto:turquoise@wubook.net">turquoise@wubook.net</a></p>
<details><summary>Veraxen</summary>
<p>email: <a href="mailto:hr@veraxen.com">hr@veraxen.com</a></p>
<details><summary>Verint Systems</summary>
<p>Contact:&nbsp;priya.ramiah@verint.com</p>
<details><summary>Vertex Solutions Sp. z o.o.</summary>
<p>e-mail: <a href="mailto:i.jakubiec@vertex-solutions.com">i.jakubiec@vertex-solutions.com</a></p>
<details><summary>Vile Monarch Studios</summary>
e-mail: <a href="mailto:karolina.toman@vilemonarch.com">karolina.toman@vilemonarch.com</a></p>
<details><summary>Viseven Poland</summary>
<p>Contact:&nbsp;a.wypych@viseven.com</p>
<details><summary>VITALI KAREPANAU</summary>
<p>Contact:&nbsp;laugael1991@gmail.com</p>
<details><summary>Vivid Games S.A.</summary>
<p>e-mail: <a href="mailto:wiktor.pankiewicz@vividgames.com">wiktor.pankiewicz@vividgames.com</a></p>
<details><summary>VOX DIGITAL Sp. z o.o.</summary>
<p>Contact:&nbsp;paulpeterson7@outlook.com</p>
<details><summary>VRP Consulting sp. z o. o.</summary>
<p>e-mail: <a href="mailto:urszula.wawrzak@vrpconsulting.com">alina.stashynskaya@vrpconsulting.com</a></p>
<details><summary>XAIPIX&nbsp;SPÓŁKA&nbsp;Z&nbsp;OGRANICZONĄ&nbsp;ODPOWIEDZIALNOŚCIĄ</summary>
<p>Contact:&nbsp;<a href="mailto:t.ryabtseva@xaipix.com">t.ryabtseva@xaipix.com</a></p>
<details><summary>XB&nbsp;SOFTWARE</summary>
<p>Contact:&nbsp;contact@xbsoftware.pl</p>
<details><summary>XPG&nbsp;factor&nbsp;Sp.&nbsp;z&nbsp;o.o.</summary>
<p>Contact:&nbsp;contact@xpgfactor.com</p>
<details><summary>Zakład Energoelektroniki TWERD Sp. z o.o.</summary>
<p>Kontakt:&nbsp;twerd@twerd.pl</p>
<details><summary>Zoola Tech Poland Spółka z ograniczoną odpowiedzialnością</summary>
<p>Contact: dmytroshvets2020@gmail.com</p>
<details><summary>zooPlus&nbsp;Polska&nbsp;Sp.&nbsp;z&nbsp;o.o.</summary>
<details><summary>Fundacja ,,Centrum Białoruskiej Solidarności"</summary>
<details><summary>Fundacja Solidarności Międzynarodowej&nbsp;&nbsp;</summary>
<p style="margin-left:40px"><strong>Email:</strong> <a href="mailto:pbh@paih.gov.pl">pbh@paih.gov.pl</a></p>
